ID,Produto,Categoria,Quantidade Vendida,Preço Unitário,Data da Venda,Valor Total,Região,Vendedor,Desconto
1,Tablet,Eletrônicos,1,373.29,2025-01-27,373.29,Sul,Mr. Scott Ware,10.96
2,Mouse,Eletrônicos,1,1055.49,2025-01-08,1055.49,Sul,Nathan Howell,14.38
3,Tablet,Eletrônicos,7,582.41,2025-01-16,4076.87,Oeste,Kathryn Ray,14.48
4,Cadeira de Escritório,Móveis,5,573.09,2025-02-23,2865.45,Oeste,Jason Martinez,4.27
5,Cadeira de Escritório,Móveis,9,1281.69,2025-02-28,11535.21,Sul,Katherine Webb,6.78
6,Cadeira de Escritório,Móveis,5,298.99,2025-02-25,1494.95,Sul,Jonathon Colon,10.71
7,Mouse,Eletrônicos,8,948.89,2025-01-16,7591.12,Norte,Kelly Cooper,13.68
8,Tablet,Eletrônicos,2,62.63,2025-02-16,125.26,Sul,Darren Harmon,12.05
9,Tênis,Roupas,10,240.04,2025-01-15,2400.4,Oeste,Rebecca Parks,12.46
10,Tênis,Roupas,1,220.13,2025-01-26,220.13,Sul,Brandon Smith,4.83
11,Tênis,Roupas,5,131.73,2025-01-16,658.65,Norte,Alyssa Fuller,2.99
12,Líquido Refrigerante,Alimentos,9,756.31,2025-01-31,6806.79,Oeste,Mark Johnson,10.71
13,Mouse,Eletrônicos,2,354.93,2025-01-01,709.86,Oeste,Patricia Ortiz,14.83
14,Tablet,Eletrônicos,5,451.06,2025-02-26,2255.3,Oeste,Cody Harris,14.41
15,Notebook,Eletrônicos,7,1329.55,2025-01-27,9306.85,Norte,Gary Taylor,0.42
16,Tênis,Roupas,7,1412.61,2025-02-11,9888.27,Oeste,Adam Casey,5.67
17,Tablet,Eletrônicos,10,698.14,2025-02-06,6981.4,Sul,April Burch,10.55
18,Fone de Ouvido,Eletrônicos,8,1157.5,2025-02-24,9260.0,Sul,Robert Best,10.91
19,Cadeira de Escritório,Móveis,1,336.03,2025-02-05,336.03,Leste,Kim Williams,10.81
20,Mouse,Eletrônicos,8,1250.01,2025-01-29,10000.08,Oeste,Debra Hunt,14.52
21,Líquido Refrigerante,Alimentos,2,531.52,2025-02-23,1063.04,Leste,Jack Hebert,11.24
22,Cadeira de Escritório,Móveis,9,897.19,2025-01-02,8074.71,Leste,Amanda Jones,12.29
23,Cadeira de Escritório,Móveis,2,1082.1,2025-02-17,2164.2,Sul,Andrew Ayers,8.13
24,Tênis,Roupas,6,1046.7,2025-01-06,6280.2,Sul,Catherine Cox,9.09
25,Líquido Refrigerante,Alimentos,7,584.02,2025-01-13,4088.14,Norte,Mary Bowman,13.48
26,Tênis,Roupas,4,1461.41,2025-01-03,5845.64,Sul,Jeffery Vazquez,12.33
27,Tablet,Eletrônicos,8,759.04,2025-01-04,6072.32,Sul,Joseph Morris,10.63
28,Fone de Ouvido,Eletrônicos,9,1309.61,2025-02-17,11786.49,Sul,Anthony Powell,13.29
29,Tablet,Eletrônicos,9,879.07,2025-02-26,7911.63,Sul,Dave Collins,5.47
30,Fone de Ouvido,Eletrônicos,6,1083.22,2025-02-08,6499.32,Oeste,Joseph Meadows,14.17
31,Líquido Refrigerante,Alimentos,9,904.08,2025-02-11,8136.72,Sul,Anthony Gray,7.47
32,Mouse,Eletrônicos,10,1070.9,2025-02-03,10709.0,Norte,Stephen Munoz,7.88
33,Fone de Ouvido,Eletrônicos,10,413.03,2025-02-26,4130.3,Norte,Katelyn Johnson,7.26
34,Líquido Refrigerante,Alimentos,7,494.01,2025-01-05,3458.07,Norte,Lauren Reyes,2.18
35,Fone de Ouvido,Eletrônicos,5,403.62,2025-01-18,2018.1,Sul,Cindy Williams,9.63
36,Mouse,Eletrônicos,9,409.7,2025-01-23,3687.3,Norte,Ashley Austin,1.31
37,Tênis,Roupas,7,1405.24,2025-02-16,9836.68,Oeste,Latasha Delgado,0.4
38,Tablet,Eletrônicos,5,1057.37,2025-01-30,5286.85,Norte,Erin Snow,8.01
39,Notebook,Eletrônicos,6,1238.02,2025-02-02,7428.12,Oeste,Brian Watson,11.26
40,Tênis,Roupas,5,935.82,2025-01-04,4679.1,Leste,Rachael Murphy,14.76
41,Camiseta,Roupas,1,667.65,2025-02-21,667.65,Oeste,Sheila Santos,3.16
42,Cerveja,Alimentos,5,1341.31,2025-01-13,6706.55,Sul,Christy Goodwin,12.53
43,Mouse,Eletrônicos,5,710.13,2025-01-24,3550.65,Leste,Holly Shaw,7.91
44,Tênis,Roupas,7,920.61,2025-01-30,6444.27,Norte,Jessica Stephens,7.58
45,Fone de Ouvido,Eletrônicos,1,1030.41,2025-02-23,1030.41,Oeste,Nicole Perkins,14.82
46,Smartphone,Eletrônicos,2,357.97,2025-02-24,715.94,Norte,Dana Garcia,11.91
47,Cadeira de Escritório,Móveis,6,58.05,2025-01-31,348.3,Sul,Heather Hunter,1.26
48,Cerveja,Alimentos,6,151.14,2025-02-13,906.84,Sul,Philip King,4.09
49,Camiseta,Roupas,7,241.54,2025-01-30,1690.78,Sul,Shannon Johnson,12.99
50,Smartphone,Eletrônicos,4,304.65,2025-01-06,1218.6,Leste,Miss Katrina Kirby,0.06
51,Mouse,Eletrônicos,10,679.19,2025-01-14,6791.9,Norte,Alexis Baker,5.74
52,Cerveja,Alimentos,10,988.83,2025-02-04,9888.3,Sul,Matthew Cuevas,10.43
53,Notebook,Eletrônicos,9,162.59,2025-01-19,1463.31,Oeste,Michael Moore,5.79
54,Cadeira de Escritório,Móveis,1,167.46,2025-01-03,167.46,Sul,Jennifer Reynolds,4.9
55,Mouse,Eletrônicos,2,754.8,2025-01-29,1509.6,Oeste,Katrina Patterson,4.7
56,Camiseta,Roupas,9,426.09,2025-02-13,3834.81,Norte,Martin Newman,6.69
57,Fone de Ouvido,Eletrônicos,2,948.43,2025-01-25,1896.86,Leste,Nicholas Anderson,13.0
58,Notebook,Eletrônicos,6,238.52,2025-01-18,1431.12,Oeste,Leslie Crosby,9.67
59,Tablet,Eletrônicos,7,477.17,2025-01-20,3340.19,Oeste,Erin Sanchez,14.01
60,Cadeira de Escritório,Móveis,8,850.18,2025-01-28,6801.44,Oeste,Luke Duncan,13.66
61,Cadeira de Escritório,Móveis,1,579.18,2025-01-28,579.18,Oeste,Evan Spears,12.86
62,Smartphone,Eletrônicos,7,1377.53,2025-01-04,9642.71,Oeste,Edward Tanner,14.12
63,Camiseta,Roupas,7,735.87,2025-01-03,5151.09,Leste,Anthony Clark,14.55
64,Mouse,Eletrônicos,7,1214.26,2025-01-14,8499.82,Leste,Michael Campbell,4.24
65,Tablet,Eletrônicos,7,363.28,2025-02-05,2542.96,Sul,Joshua Howell,11.93
66,Notebook,Eletrônicos,2,417.54,2025-02-12,835.08,Norte,Scott Harper,11.68
67,Tênis,Roupas,1,1160.41,2025-01-16,1160.41,Oeste,William Daniel,6.43
68,Notebook,Eletrônicos,9,601.37,2025-02-01,5412.33,Sul,Martha York,7.01
69,Tablet,Eletrônicos,10,801.21,2025-01-09,8012.1,Norte,Timothy Newton,7.86
70,Tênis,Roupas,10,443.52,2025-01-11,4435.2,Leste,Donald Oneill,4.84
71,Cadeira de Escritório,Móveis,6,1340.77,2025-01-23,8044.62,Leste,Tanner Mason,3.99
72,Notebook,Eletrônicos,8,898.84,2025-01-11,7190.72,Oeste,Joseph Carpenter,9.11
73,Tênis,Roupas,1,265.04,2025-02-19,265.04,Norte,Beth Mcgee,1.67
74,Smartphone,Eletrônicos,2,476.53,2025-02-14,953.06,Oeste,Ashlee Smith,1.28
75,Cadeira de Escritório,Móveis,6,1486.56,2025-01-25,8919.36,Oeste,Michelle Kim,1.56
76,Líquido Refrigerante,Alimentos,8,1170.57,2025-01-19,9364.56,Sul,Lauren Lindsey,8.1
77,Notebook,Eletrônicos,9,1396.18,2025-02-10,12565.62,Oeste,Maria Brown,7.25
78,Tênis,Roupas,2,610.04,2025-01-06,1220.08,Leste,Christopher Simon,2.44
79,Mouse,Eletrônicos,3,767.28,2025-01-08,2301.84,Leste,Jason Woods,5.67
80,Notebook,Eletrônicos,9,974.21,2025-02-05,8767.89,Leste,Jeremy Miller,7.0
81,Tênis,Roupas,10,326.21,2025-01-25,3262.1,Leste,Corey Robinson,0.48
82,Notebook,Eletrônicos,1,1055.87,2025-01-18,1055.87,Leste,Brenda Kane,1.18
83,Tênis,Roupas,1,389.28,2025-01-31,389.28,Leste,Katrina Clark,5.17
84,Cerveja,Alimentos,10,695.86,2025-02-05,6958.6,Norte,Crystal Poole,10.24
85,Fone de Ouvido,Eletrônicos,6,1288.46,2025-01-08,7730.76,Oeste,Kimberly Martinez,12.79
86,Tablet,Eletrônicos,1,82.05,2025-02-17,82.05,Norte,Dustin Wood,12.63
87,Cerveja,Alimentos,5,1357.52,2025-02-18,6787.6,Oeste,Jennifer Macdonald,14.51
88,Smartphone,Eletrônicos,6,69.84,2025-01-27,419.04,Sul,Christine Clark,5.67
89,Cerveja,Alimentos,3,1110.6,2025-02-25,3331.8,Sul,Mrs. Jessica Simon,1.36
90,Fone de Ouvido,Eletrônicos,5,1295.56,2025-02-11,6477.8,Oeste,Randall Sims,14.36
91,Fone de Ouvido,Eletrônicos,2,1351.36,2025-01-01,2702.72,Leste,Jose Huff,9.71
92,Tablet,Eletrônicos,5,816.52,2025-01-08,4082.6,Oeste,Jeffrey Mckee,3.74
93,Smartphone,Eletrônicos,8,548.53,2025-02-20,4388.24,Norte,Rebecca Sweeney,11.25
94,Mouse,Eletrônicos,6,971.03,2025-01-22,5826.18,Sul,Carol Allen,6.78
95,Notebook,Eletrônicos,1,1490.29,2025-02-12,1490.29,Oeste,Blake Pacheco,3.65
96,Líquido Refrigerante,Alimentos,1,309.35,2025-01-22,309.35,Leste,Wendy Curry,4.93
97,Líquido Refrigerante,Alimentos,7,633.47,2025-02-01,4434.29,Norte,Jackie Hanson,11.95
98,Mouse,Eletrônicos,3,250.18,2025-01-08,750.54,Oeste,Cameron Hicks,10.89
99,Tênis,Roupas,1,1229.58,2025-01-27,1229.58,Oeste,Misty Wilkins DVM,1.02
100,Cerveja,Alimentos,9,1372.53,2025-01-04,12352.77,Leste,Brandon Welch,8.64
101,Líquido Refrigerante,Alimentos,8,954.69,2025-01-26,7637.52,Leste,Emily Barrera,11.16
102,Smartphone,Eletrônicos,4,353.87,2025-02-07,1415.48,Norte,Stephanie Reed,11.22
103,Mouse,Eletrônicos,10,1248.43,2025-01-01,12484.3,Sul,Martin Woods,2.65
104,Cadeira de Escritório,Móveis,7,692.97,2025-02-11,4850.79,Leste,Stephanie Pope,1.2
105,Camiseta,Roupas,9,958.8,2025-02-08,8629.2,Norte,Richard Vega,5.63
106,Tênis,Roupas,3,549.02,2025-01-08,1647.06,Norte,John Rose,9.62
107,Fone de Ouvido,Eletrônicos,9,846.1,2025-02-07,7614.9,Oeste,Suzanne Nicholson PhD,6.33
108,Mouse,Eletrônicos,2,726.86,2025-02-28,1453.72,Norte,Kimberly Pacheco,7.61
109,Camiseta,Roupas,6,67.73,2025-01-04,406.38,Sul,Amber Maddox,2.05
110,Mouse,Eletrônicos,10,267.69,2025-01-20,2676.9,Leste,Steven Washington,13.58
111,Cadeira de Escritório,Móveis,9,322.83,2025-01-23,2905.47,Leste,Elizabeth Lee,10.74
112,Mouse,Eletrônicos,1,876.5,2025-02-08,876.5,Oeste,Jessica Anderson,12.57
113,Fone de Ouvido,Eletrônicos,9,119.06,2025-01-10,1071.54,Sul,Matthew Holmes,4.09
114,Cadeira de Escritório,Móveis,6,610.15,2025-02-24,3660.9,Sul,Robert Roberts,8.82
115,Smartphone,Eletrônicos,3,1427.82,2025-02-26,4283.46,Leste,Shirley Garner,0.27
116,Fone de Ouvido,Eletrônicos,9,768.72,2025-01-14,6918.48,Norte,Miss Laura Reynolds,9.57
117,Notebook,Eletrônicos,10,581.62,2025-01-31,5816.2,Sul,Sheila Stone,4.61
118,Tênis,Roupas,1,81.6,2025-01-29,81.6,Sul,Austin Hopkins,4.71
119,Tablet,Eletrônicos,1,622.71,2025-01-21,622.71,Oeste,Brandon Terry,12.93
120,Tablet,Eletrônicos,1,921.45,2025-02-20,921.45,Oeste,Jeremy Gonzales,7.5
121,Fone de Ouvido,Eletrônicos,10,156.95,2025-01-13,1569.5,Sul,William Wallace,14.4
122,Cadeira de Escritório,Móveis,5,53.08,2025-02-27,265.4,Oeste,Matthew Martin,12.11
123,Camiseta,Roupas,1,90.72,2025-02-27,90.72,Oeste,Matthew Chandler III,3.97
124,Mouse,Eletrônicos,3,772.72,2025-02-23,2318.16,Leste,Ricky Welch,1.7
125,Camiseta,Roupas,3,863.4,2025-02-01,2590.2,Norte,Brian Tran,13.57
126,Líquido Refrigerante,Alimentos,6,1186.68,2025-02-02,7120.08,Sul,Joseph Torres,11.86
127,Cerveja,Alimentos,3,1324.81,2025-01-17,3974.43,Norte,Brianna Hicks,7.07
128,Tênis,Roupas,6,1058.12,2025-02-01,6348.72,Sul,Donna Shelton,10.71
129,Líquido Refrigerante,Alimentos,10,194.15,2025-01-14,1941.5,Sul,Adam Walters,4.25
130,Fone de Ouvido,Eletrônicos,5,333.75,2025-01-28,1668.75,Leste,Nicole Alexander,4.61
131,Cerveja,Alimentos,4,163.03,2025-02-09,652.12,Sul,Pedro Vasquez,11.67
132,Cadeira de Escritório,Móveis,7,1281.31,2025-02-25,8969.17,Leste,Joseph Smith,14.34
133,Fone de Ouvido,Eletrônicos,7,882.04,2025-02-11,6174.28,Sul,Heidi Flynn,14.44
134,Fone de Ouvido,Eletrônicos,2,440.25,2025-02-05,880.5,Sul,Debra Rivera,9.16
135,Tênis,Roupas,4,603.66,2025-01-05,2414.64,Leste,Erin Hutchinson,14.75
136,Mouse,Eletrônicos,7,1041.32,2025-02-22,7289.24,Oeste,Edward Andrews,0.84
137,Camiseta,Roupas,2,819.85,2025-01-16,1639.7,Oeste,Louis Reyes,5.34
138,Tablet,Eletrônicos,9,909.99,2025-01-05,8189.91,Norte,Mark Garcia,3.55
139,Tênis,Roupas,7,1365.06,2025-02-05,9555.42,Leste,Hunter Graham,14.16
140,Mouse,Eletrônicos,10,520.92,2025-01-25,5209.2,Sul,Mark Carroll,12.91
141,Tablet,Eletrônicos,6,898.35,2025-02-04,5390.1,Norte,Kristy Gutierrez,3.08
142,Fone de Ouvido,Eletrônicos,10,161.83,2025-01-31,1618.3,Leste,Alicia Page,13.05
143,Tênis,Roupas,3,632.71,2025-02-17,1898.13,Leste,Debbie Diaz,10.09
144,Cerveja,Alimentos,9,916.56,2025-02-15,8249.04,Leste,Melissa Baldwin,10.22
145,Notebook,Eletrônicos,5,619.04,2025-02-07,3095.2,Norte,Jeremy Foster,13.44
146,Cadeira de Escritório,Móveis,5,1132.0,2025-02-01,5660.0,Norte,Amy Payne,4.96
147,Fone de Ouvido,Eletrônicos,4,1454.44,2025-01-07,5817.76,Sul,Robert Henderson,9.07
148,Camiseta,Roupas,8,461.38,2025-01-13,3691.04,Leste,Lorraine Singleton,3.8
149,Tablet,Eletrônicos,8,924.33,2025-01-05,7394.64,Norte,Curtis Allen,0.16
150,Notebook,Eletrônicos,5,680.58,2025-01-23,3402.9,Norte,Thomas Parker,2.92
151,Fone de Ouvido,Eletrônicos,9,858.79,2025-02-17,7729.11,Sul,Kelly Martinez,5.83
152,Camiseta,Roupas,7,95.77,2025-01-24,670.39,Sul,Elizabeth Gonzalez,3.48
153,Fone de Ouvido,Eletrônicos,1,1235.4,2025-02-08,1235.4,Leste,Sara Macias,1.42
154,Tablet,Eletrônicos,4,1370.76,2025-01-05,5483.04,Sul,Carrie Wells,2.45
155,Smartphone,Eletrônicos,4,516.73,2025-02-18,2066.92,Oeste,Sarah Valentine,5.54
156,Camiseta,Roupas,9,1365.12,2025-01-13,12286.08,Norte,Madison Bradley,5.32
157,Camiseta,Roupas,10,1002.17,2025-02-04,10021.7,Oeste,Dawn King,2.77
158,Cadeira de Escritório,Móveis,4,1062.51,2025-02-07,4250.04,Oeste,Ashley Navarro,2.98
159,Smartphone,Eletrônicos,7,549.38,2025-02-21,3845.66,Sul,Elijah Brown,9.13
160,Camiseta,Roupas,5,306.37,2025-01-24,1531.85,Leste,Sherri Morgan,7.31
161,Líquido Refrigerante,Alimentos,1,1445.57,2025-02-28,1445.57,Norte,Sara Woods,9.07
162,Fone de Ouvido,Eletrônicos,4,843.04,2025-02-22,3372.16,Sul,Mary Nunez,14.53
163,Fone de Ouvido,Eletrônicos,7,1360.61,2025-01-18,9524.27,Leste,Daniel Jones,4.64
164,Líquido Refrigerante,Alimentos,1,284.55,2025-01-11,284.55,Sul,James Mccoy,1.67
165,Camiseta,Roupas,1,1387.32,2025-02-19,1387.32,Norte,Sandy Klein,3.41
166,Notebook,Eletrônicos,4,232.4,2025-01-03,929.6,Sul,Elizabeth Cook,12.01
167,Fone de Ouvido,Eletrônicos,4,600.49,2025-01-09,2401.96,Oeste,Steven Krause,14.38
168,Mouse,Eletrônicos,1,1023.31,2025-02-04,1023.31,Leste,Marissa Hayes,2.77
169,Cadeira de Escritório,Móveis,1,358.17,2025-01-14,358.17,Oeste,Jonathan Fuentes,13.17
170,Notebook,Eletrônicos,2,686.56,2025-01-03,1373.12,Oeste,Courtney Landry,11.54
171,Smartphone,Eletrônicos,10,292.01,2025-01-06,2920.1,Sul,Eddie Cannon,13.0
172,Camiseta,Roupas,8,881.42,2025-02-13,7051.36,Sul,Stephanie Knox,1.0
173,Notebook,Eletrônicos,5,395.9,2025-01-21,1979.5,Norte,Mario Castillo,2.34
174,Cadeira de Escritório,Móveis,8,976.06,2025-01-05,7808.48,Leste,Daryl Johnson,7.88
175,Mouse,Eletrônicos,7,695.83,2025-02-04,4870.81,Norte,Terry Crawford,13.01
176,Tablet,Eletrônicos,9,1170.66,2025-01-28,10535.94,Oeste,Courtney Jones,11.99
177,Tablet,Eletrônicos,3,1262.4,2025-01-09,3787.2,Leste,Vincent Padilla,13.2
178,Cadeira de Escritório,Móveis,8,1381.64,2025-02-08,11053.12,Leste,Dr. Shannon Perry,13.86
179,Camiseta,Roupas,6,1267.64,2025-02-13,7605.84,Sul,Pamela Morton,10.67
180,Tênis,Roupas,4,291.26,2025-02-09,1165.04,Sul,Samantha Brown,4.9
181,Líquido Refrigerante,Alimentos,10,1473.94,2025-01-08,14739.4,Sul,Jonathan Burnett,6.24
182,Cadeira de Escritório,Móveis,3,1367.8,2025-01-20,4103.4,Oeste,Kayla Moore,1.08
183,Tênis,Roupas,9,1111.02,2025-01-29,9999.18,Norte,Donald Hebert,5.04
184,Smartphone,Eletrônicos,7,383.77,2025-02-22,2686.39,Leste,Stephanie Gilbert,14.87
185,Cadeira de Escritório,Móveis,3,417.66,2025-01-02,1252.98,Oeste,Kirk Ibarra,13.38
186,Notebook,Eletrônicos,9,788.99,2025-01-17,7100.91,Norte,Michelle Price,7.34
187,Líquido Refrigerante,Alimentos,3,91.19,2025-02-20,273.57,Oeste,Melissa Walker,8.8
188,Mouse,Eletrônicos,1,469.35,2025-02-21,469.35,Oeste,Lawrence Lee,10.93
189,Cerveja,Alimentos,5,1374.05,2025-02-23,6870.25,Oeste,Joshua Cochran,1.46
190,Tênis,Roupas,9,540.08,2025-02-28,4860.72,Leste,Colleen Payne,7.55
191,Notebook,Eletrônicos,4,770.45,2025-02-19,3081.8,Leste,Julie Rangel,1.39
192,Mouse,Eletrônicos,8,767.67,2025-01-03,6141.36,Leste,Julie Johnson,4.07
193,Camiseta,Roupas,6,686.61,2025-01-21,4119.66,Leste,Gary Nolan,1.95
194,Tablet,Eletrônicos,4,1089.86,2025-02-04,4359.44,Norte,Isabel Holland DDS,9.17
195,Tênis,Roupas,9,245.44,2025-02-21,2208.96,Oeste,Mrs. Ashley Chapman,0.87
196,Smartphone,Eletrônicos,3,1459.66,2025-02-15,4378.98,Norte,Michelle Maxwell,13.44
197,Tablet,Eletrônicos,9,572.29,2025-01-08,5150.61,Norte,Kari Elliott,14.61
198,Cerveja,Alimentos,4,352.69,2025-02-20,1410.76,Oeste,Jamie Rivera,8.56
199,Notebook,Eletrônicos,6,944.58,2025-01-11,5667.48,Leste,Russell Arnold,11.69
200,Cerveja,Alimentos,8,531.52,2025-01-01,4252.16,Norte,David Murillo,8.54
201,Notebook,Eletrônicos,6,997.4,2025-02-03,5984.4,Oeste,Anne Rodriguez,11.3
202,Tênis,Roupas,7,451.35,2025-01-01,3159.45,Norte,Melissa Lee,5.49
203,Tablet,Eletrônicos,10,1464.66,2025-01-11,14646.6,Sul,Cynthia Warren,10.12
204,Notebook,Eletrônicos,3,393.97,2025-01-08,1181.91,Oeste,Jonathan Carson,13.61
205,Tablet,Eletrônicos,8,96.7,2025-01-16,773.6,Norte,Connor Benitez,4.36
206,Fone de Ouvido,Eletrônicos,3,847.64,2025-02-20,2542.92,Sul,Jesse Lopez,14.46
207,Líquido Refrigerante,Alimentos,5,712.89,2025-01-16,3564.45,Sul,Miguel Kelly,0.18
208,Líquido Refrigerante,Alimentos,9,1376.48,2025-01-15,12388.32,Norte,Ian Moses,6.91
209,Líquido Refrigerante,Alimentos,10,1236.9,2025-01-08,12369.0,Sul,John Wolfe,3.12
210,Camiseta,Roupas,2,750.63,2025-01-16,1501.26,Oeste,Nathan Shaw,6.78
211,Camiseta,Roupas,6,1471.07,2025-01-03,8826.42,Leste,Wendy Lopez DDS,10.79
212,Camiseta,Roupas,1,460.03,2025-01-27,460.03,Oeste,John Burns,14.57
213,Mouse,Eletrônicos,9,473.04,2025-02-13,4257.36,Sul,Mary Chambers,9.66
214,Líquido Refrigerante,Alimentos,8,495.85,2025-02-21,3966.8,Norte,Cynthia Dillon,3.58
215,Líquido Refrigerante,Alimentos,10,1394.93,2025-01-05,13949.3,Sul,Dominic Hernandez,8.01
216,Líquido Refrigerante,Alimentos,8,605.33,2025-01-09,4842.64,Leste,Jessica Roberts,0.16
217,Tênis,Roupas,5,175.81,2025-02-01,879.05,Leste,Jennifer Francis,11.42
218,Tablet,Eletrônicos,6,1061.41,2025-01-15,6368.46,Leste,Nicole Bailey,1.7
219,Cadeira de Escritório,Móveis,3,619.14,2025-01-06,1857.42,Norte,Justin Adams,0.62
220,Tênis,Roupas,9,274.07,2025-01-23,2466.63,Oeste,Diane Wilson,4.16
221,Cerveja,Alimentos,2,439.37,2025-01-20,878.74,Sul,Emma Mercado,6.96
222,Tênis,Roupas,2,1361.33,2025-01-23,2722.66,Sul,Andrea Anthony,12.24
223,Camiseta,Roupas,1,1467.92,2025-01-11,1467.92,Oeste,Kimberly Reid,8.38
224,Tablet,Eletrônicos,7,973.89,2025-02-26,6817.23,Norte,Jason Franklin,11.59
225,Líquido Refrigerante,Alimentos,3,1226.93,2025-01-20,3680.79,Oeste,Robert Navarro,14.36
226,Camiseta,Roupas,7,89.03,2025-02-26,623.21,Leste,Sandra Garcia,6.61
227,Smartphone,Eletrônicos,8,644.59,2025-02-03,5156.72,Sul,Christian Austin,11.64
228,Smartphone,Eletrônicos,6,771.91,2025-02-21,4631.46,Sul,Logan Fuller,0.18
229,Fone de Ouvido,Eletrônicos,8,871.87,2025-01-29,6974.96,Oeste,Cynthia Weber,6.65
230,Notebook,Eletrônicos,4,822.32,2025-01-28,3289.28,Sul,Mary Nelson,3.18
231,Camiseta,Roupas,1,1392.31,2025-01-04,1392.31,Leste,Daniel Miller,11.72
232,Mouse,Eletrônicos,4,279.92,2025-02-10,1119.68,Oeste,Pamela Williams DVM,0.73
233,Camiseta,Roupas,3,468.78,2025-02-10,1406.34,Norte,Russell Rhodes,2.81
234,Líquido Refrigerante,Alimentos,6,1202.08,2025-02-23,7212.48,Sul,Martin Mendoza,3.33
235,Notebook,Eletrônicos,7,1268.71,2025-01-15,8880.97,Leste,Charles Rodriguez,3.81
236,Cadeira de Escritório,Móveis,1,210.75,2025-01-15,210.75,Norte,Brian Benitez,2.21
237,Tablet,Eletrônicos,4,522.77,2025-01-28,2091.08,Norte,Jonathan Martin,5.97
238,Líquido Refrigerante,Alimentos,7,704.55,2025-01-10,4931.85,Norte,Miranda Swanson,11.75
239,Camiseta,Roupas,1,1473.03,2025-02-19,1473.03,Leste,Debra Lowe,2.96
240,Notebook,Eletrônicos,2,230.37,2025-01-09,460.74,Sul,Glen Cruz,2.81
241,Tablet,Eletrônicos,2,1069.23,2025-02-26,2138.46,Oeste,Jared Cisneros,14.09
242,Notebook,Eletrônicos,1,1164.82,2025-01-21,1164.82,Leste,Brian Reed,5.41
243,Líquido Refrigerante,Alimentos,7,824.44,2025-01-09,5771.08,Norte,Jeremy Guerrero,14.25
244,Notebook,Eletrônicos,5,741.81,2025-01-18,3709.05,Norte,Lindsey Davis,11.56
245,Tênis,Roupas,3,254.64,2025-02-19,763.92,Sul,Rebecca Baker,3.72
246,Smartphone,Eletrônicos,7,372.96,2025-01-14,2610.72,Sul,John Benton,11.48
247,Mouse,Eletrônicos,1,757.69,2025-01-05,757.69,Sul,Heather Anderson,8.11
248,Camiseta,Roupas,3,941.68,2025-01-12,2825.04,Oeste,Audrey Wall,8.29
249,Smartphone,Eletrônicos,8,248.98,2025-02-19,1991.84,Norte,David Gross,1.78
250,Cadeira de Escritório,Móveis,5,1382.98,2025-01-15,6914.9,Sul,Leah Wright,2.7
251,Smartphone,Eletrônicos,7,79.71,2025-01-09,557.97,Norte,Corey Bennett,10.29
252,Cerveja,Alimentos,3,1337.72,2025-02-01,4013.16,Oeste,Richard Welch,2.31
253,Fone de Ouvido,Eletrônicos,7,480.48,2025-02-20,3363.36,Norte,Natasha Hopkins,10.16
254,Tablet,Eletrônicos,2,1220.41,2025-01-15,2440.82,Oeste,Peggy Gutierrez,10.51
255,Líquido Refrigerante,Alimentos,4,599.05,2025-01-05,2396.2,Norte,Victor Smith,1.45
256,Mouse,Eletrônicos,3,1341.91,2025-02-26,4025.73,Oeste,Jose Young,2.25
257,Cerveja,Alimentos,2,582.79,2025-02-25,1165.58,Norte,Rhonda Armstrong,6.95
258,Tênis,Roupas,7,853.15,2025-01-04,5972.05,Leste,Diana Lee,3.24
259,Notebook,Eletrônicos,7,63.94,2025-02-06,447.58,Oeste,Joseph Bailey,9.81
260,Fone de Ouvido,Eletrônicos,1,1183.96,2025-02-06,1183.96,Oeste,Cassandra Mcdaniel,14.47
261,Notebook,Eletrônicos,1,501.53,2025-02-13,501.53,Sul,Daniel Hayden,2.08
262,Camiseta,Roupas,6,986.02,2025-01-30,5916.12,Norte,Jill Hughes,10.12
263,Fone de Ouvido,Eletrônicos,8,703.85,2025-02-20,5630.8,Sul,Vickie Gonzalez,5.21
264,Cadeira de Escritório,Móveis,4,393.08,2025-02-06,1572.32,Oeste,Rebekah Dunn,1.19
265,Fone de Ouvido,Eletrônicos,3,352.22,2025-01-07,1056.66,Norte,Eric Miller,7.64
266,Líquido Refrigerante,Alimentos,7,488.36,2025-02-12,3418.52,Sul,Felicia Hansen,2.13
267,Tablet,Eletrônicos,7,714.35,2025-01-27,5000.45,Norte,Samantha Smith,5.36
268,Cerveja,Alimentos,6,233.57,2025-01-26,1401.42,Norte,Jenny Walker,10.26
269,Tablet,Eletrônicos,5,506.96,2025-02-04,2534.8,Norte,Daniel Mills,6.01
270,Fone de Ouvido,Eletrônicos,3,1338.29,2025-02-02,4014.87,Oeste,John Robinson,0.46
271,Mouse,Eletrônicos,4,510.62,2025-01-04,2042.48,Sul,Patricia Fernandez,3.94
272,Fone de Ouvido,Eletrônicos,10,289.77,2025-02-02,2897.7,Oeste,Paul Terrell,1.32
273,Mouse,Eletrônicos,8,1432.14,2025-02-12,11457.12,Sul,Patricia Green,13.17
274,Camiseta,Roupas,2,913.05,2025-01-04,1826.1,Leste,Becky Barrett,2.87
275,Fone de Ouvido,Eletrônicos,10,311.15,2025-02-10,3111.5,Sul,Pamela Anderson,5.93
276,Cerveja,Alimentos,1,840.47,2025-02-28,840.47,Leste,Jennifer Webster,5.14
277,Tênis,Roupas,5,546.8,2025-02-23,2734.0,Leste,Corey Jackson,11.15
278,Tênis,Roupas,7,479.2,2025-02-04,3354.4,Norte,Katherine Mcfarland,2.22
279,Mouse,Eletrônicos,10,128.81,2025-01-09,1288.1,Norte,Katherine Wilson,12.09
280,Tablet,Eletrônicos,8,294.77,2025-02-10,2358.16,Leste,Tracy Jenkins,0.2
281,Notebook,Eletrônicos,9,717.51,2025-02-17,6457.59,Oeste,Shawna Baldwin,8.68
282,Mouse,Eletrônicos,6,258.73,2025-01-20,1552.38,Norte,Andrew Hendrix,7.75
283,Tablet,Eletrônicos,9,436.25,2025-01-06,3926.25,Sul,Mr. Andrew Taylor,14.5
284,Cerveja,Alimentos,7,167.32,2025-02-28,1171.24,Oeste,Steven Smith,9.24
285,Cerveja,Alimentos,5,134.71,2025-01-12,673.55,Leste,Christopher Young,4.34
286,Fone de Ouvido,Eletrônicos,7,1346.86,2025-02-12,9428.02,Oeste,Dana Walker,3.18
287,Cadeira de Escritório,Móveis,3,248.85,2025-02-15,746.55,Leste,Richard Hawkins,4.94
288,Tênis,Roupas,2,254.61,2025-01-24,509.22,Oeste,Maurice Russell,4.93
289,Tablet,Eletrônicos,6,684.58,2025-02-09,4107.48,Leste,John Blair,7.4
290,Cerveja,Alimentos,1,1446.72,2025-01-09,1446.72,Leste,Leslie King,6.83
291,Cerveja,Alimentos,10,1342.04,2025-02-21,13420.4,Leste,David Carlson,5.74
292,Camiseta,Roupas,10,1209.25,2025-01-28,12092.5,Sul,Robert Walker,2.81
293,Cadeira de Escritório,Móveis,5,1247.59,2025-02-17,6237.95,Oeste,Jesse Mckinney,14.54
294,Tablet,Eletrônicos,7,1366.9,2025-02-02,9568.3,Leste,Tracy Small,5.76
295,Fone de Ouvido,Eletrônicos,7,177.38,2025-02-28,1241.66,Norte,Jonathan Nunez,1.16
296,Tênis,Roupas,9,1068.85,2025-02-02,9619.65,Norte,Michael Graham,4.15
297,Cerveja,Alimentos,3,734.43,2025-02-28,2203.29,Sul,Peter Lucero,13.66
298,Tênis,Roupas,5,791.44,2025-01-29,3957.2,Leste,Bailey Guerrero,11.72
299,Cerveja,Alimentos,1,1096.37,2025-01-11,1096.37,Oeste,April Cameron,2.1
300,Tênis,Roupas,8,1311.69,2025-01-07,10493.52,Oeste,Sean Edwards,13.46
301,Smartphone,Eletrônicos,6,955.13,2025-01-27,5730.78,Norte,Shirley Smith,10.98
302,Camiseta,Roupas,6,1304.47,2025-01-11,7826.82,Sul,Laura Moody,6.99
303,Smartphone,Eletrônicos,6,1458.48,2025-02-06,8750.88,Leste,Nicole Edwards,5.52
304,Fone de Ouvido,Eletrônicos,1,483.02,2025-02-12,483.02,Sul,Miguel Franco,7.97
305,Tênis,Roupas,2,973.88,2025-01-22,1947.76,Sul,Michelle Flynn,10.03
306,Cadeira de Escritório,Móveis,1,379.15,2025-01-12,379.15,Leste,Susan Williams,10.37
307,Tablet,Eletrônicos,7,1038.98,2025-02-09,7272.86,Oeste,Jason Johnson,14.92
308,Camiseta,Roupas,8,185.83,2025-02-27,1486.64,Leste,Michelle Matthews,2.02
309,Tênis,Roupas,5,1119.89,2025-02-10,5599.45,Leste,Kristina Chang,2.11
310,Camiseta,Roupas,2,785.33,2025-01-25,1570.66,Norte,Christopher Simpson,14.42
311,Mouse,Eletrônicos,7,1002.33,2025-01-01,7016.31,Sul,Marissa Mccoy,3.17
312,Fone de Ouvido,Eletrônicos,2,294.78,2025-02-21,589.56,Leste,Michael Tran,8.47
313,Camiseta,Roupas,10,88.59,2025-02-09,885.9,Leste,Christine Smith,6.51
314,Fone de Ouvido,Eletrônicos,4,925.6,2025-02-01,3702.4,Norte,Veronica Davis,10.84
315,Tênis,Roupas,7,519.35,2025-02-10,3635.45,Sul,Deanna Murphy,7.45
316,Smartphone,Eletrônicos,2,113.39,2025-01-23,226.78,Leste,Lori Stevens,2.63
317,Fone de Ouvido,Eletrônicos,4,207.72,2025-01-14,830.88,Norte,Mary Boyle,6.07
318,Fone de Ouvido,Eletrônicos,7,722.78,2025-02-17,5059.46,Sul,Michelle Perez,14.13
319,Camiseta,Roupas,8,781.87,2025-01-27,6254.96,Leste,Jessica Martin,9.3
320,Tablet,Eletrônicos,6,1174.35,2025-01-02,7046.1,Oeste,Donald Trujillo,0.69
321,Líquido Refrigerante,Alimentos,2,142.85,2025-02-05,285.7,Oeste,Elizabeth Hess,5.92
322,Tablet,Eletrônicos,9,307.34,2025-02-23,2766.06,Sul,Robert Chung,9.29
323,Líquido Refrigerante,Alimentos,1,833.83,2025-02-11,833.83,Sul,Sally Zavala,7.62
324,Mouse,Eletrônicos,9,1174.02,2025-01-19,10566.18,Sul,Kaitlyn Waller,14.05
325,Cadeira de Escritório,Móveis,3,93.37,2025-01-16,280.11,Norte,Gary Cruz,2.62
326,Tênis,Roupas,3,590.38,2025-01-13,1771.14,Oeste,Keith Schneider,2.11
327,Fone de Ouvido,Eletrônicos,6,1160.25,2025-01-05,6961.5,Sul,Joseph Hawkins,1.21
328,Smartphone,Eletrônicos,1,578.17,2025-01-15,578.17,Norte,Ricky Keith,7.83
329,Notebook,Eletrônicos,6,1070.91,2025-02-19,6425.46,Leste,Leah Davila,10.2
330,Líquido Refrigerante,Alimentos,3,923.17,2025-01-16,2769.51,Oeste,Ryan Bell,4.52
331,Fone de Ouvido,Eletrônicos,6,1397.09,2025-01-15,8382.54,Sul,Shannon Dominguez,0.44
332,Fone de Ouvido,Eletrônicos,1,364.61,2025-01-25,364.61,Oeste,Nicole Tanner,6.19
333,Tênis,Roupas,9,622.28,2025-01-15,5600.52,Sul,Laura Boone,1.75
334,Líquido Refrigerante,Alimentos,4,225.8,2025-02-17,903.2,Leste,Steven Lloyd,11.99
335,Cadeira de Escritório,Móveis,10,1163.22,2025-01-27,11632.2,Sul,Jose Nichols,13.83
336,Camiseta,Roupas,8,511.27,2025-02-15,4090.16,Norte,Vicki Murphy,10.29
337,Líquido Refrigerante,Alimentos,7,1409.51,2025-01-10,9866.57,Sul,Miss Crystal Collins,4.3
338,Tablet,Eletrônicos,4,890.53,2025-02-07,3562.12,Leste,Ricky Bush,3.04
339,Cadeira de Escritório,Móveis,7,296.94,2025-01-30,2078.58,Leste,Russell Cox,9.59
340,Notebook,Eletrônicos,4,238.98,2025-02-15,955.92,Sul,Jesse Turner,0.34
341,Notebook,Eletrônicos,8,385.04,2025-01-06,3080.32,Sul,Yvette Alexander,11.56
342,Líquido Refrigerante,Alimentos,9,735.12,2025-02-21,6616.08,Sul,Jeffrey Davis,12.49
343,Tênis,Roupas,5,1310.67,2025-01-23,6553.35,Leste,Raymond Baldwin,0.53
344,Smartphone,Eletrônicos,6,576.74,2025-01-06,3460.44,Norte,Bryce Jones,14.59
345,Mouse,Eletrônicos,7,1436.88,2025-01-28,10058.16,Leste,Dawn Ferguson,7.63
346,Líquido Refrigerante,Alimentos,7,548.84,2025-01-21,3841.88,Norte,Benjamin Flores,12.65
347,Notebook,Eletrônicos,7,1118.53,2025-02-03,7829.71,Sul,Dawn Hernandez,11.11
348,Fone de Ouvido,Eletrônicos,6,295.02,2025-02-09,1770.12,Leste,Jorge Sanchez,11.18
349,Líquido Refrigerante,Alimentos,10,727.04,2025-02-06,7270.4,Norte,Kimberly Cline,3.37
350,Notebook,Eletrônicos,1,416.9,2025-01-30,416.9,Leste,Garrett Watts,8.68
351,Mouse,Eletrônicos,9,483.97,2025-02-26,4355.73,Sul,Juan Wolfe,3.33
352,Líquido Refrigerante,Alimentos,4,1328.87,2025-02-15,5315.48,Sul,Diana Bishop,9.69
353,Smartphone,Eletrônicos,10,256.85,2025-01-10,2568.5,Leste,Mason Mata,3.22
354,Camiseta,Roupas,9,1010.4,2025-02-17,9093.6,Norte,Ana Winters,1.07
355,Smartphone,Eletrônicos,10,1304.84,2025-01-14,13048.4,Norte,Kimberly Black,0.27
356,Tablet,Eletrônicos,3,183.88,2025-02-23,551.64,Norte,Brian King,12.95
357,Mouse,Eletrônicos,9,1080.82,2025-01-02,9727.38,Norte,Scott Mitchell,12.87
358,Mouse,Eletrônicos,9,1360.93,2025-02-06,12248.37,Norte,Cynthia Moody,10.92
359,Tênis,Roupas,8,80.89,2025-01-25,647.12,Sul,Brian Ward,12.68
360,Camiseta,Roupas,6,662.51,2025-01-14,3975.06,Sul,Christina Jackson,1.8
361,Mouse,Eletrônicos,7,1029.88,2025-02-25,7209.16,Oeste,Tyler Novak,4.59
362,Fone de Ouvido,Eletrônicos,3,900.97,2025-01-27,2702.91,Leste,Dr. Richard Wilson,6.57
363,Mouse,Eletrônicos,2,464.0,2025-02-12,928.0,Leste,Todd Massey,0.36
364,Cerveja,Alimentos,8,1353.26,2025-01-24,10826.08,Norte,Christina Sullivan,4.38
365,Tênis,Roupas,9,527.48,2025-01-28,4747.32,Sul,Mason Hughes,4.57
366,Mouse,Eletrônicos,2,593.45,2025-01-09,1186.9,Norte,Jose Clark,3.33
367,Camiseta,Roupas,3,1264.98,2025-01-19,3794.94,Norte,Oscar Sweeney,4.34
368,Notebook,Eletrônicos,8,742.43,2025-01-14,5939.44,Sul,Edward Jensen,3.01
369,Tênis,Roupas,10,1127.47,2025-02-08,11274.7,Oeste,Kimberly Wallace,11.04
370,Camiseta,Roupas,8,91.63,2025-01-16,733.04,Norte,Kenneth Farmer,4.53
371,Notebook,Eletrônicos,2,1169.27,2025-02-24,2338.54,Sul,Margaret Schultz,9.39
372,Mouse,Eletrônicos,4,690.6,2025-02-25,2762.4,Oeste,Cynthia Choi,2.28
373,Camiseta,Roupas,2,1333.86,2025-01-05,2667.72,Sul,Justin Fuller,5.94
374,Cadeira de Escritório,Móveis,6,730.27,2025-02-22,4381.62,Norte,Jeremiah Wright,13.76
375,Tablet,Eletrônicos,3,729.55,2025-02-13,2188.65,Sul,Darrell Hunter,6.87
376,Tênis,Roupas,7,559.17,2025-02-25,3914.19,Leste,Tonya Wright,1.68
377,Smartphone,Eletrônicos,5,916.78,2025-02-26,4583.9,Sul,Robert Harper,6.77
378,Cerveja,Alimentos,6,582.31,2025-02-04,3493.86,Norte,Sandra Jenkins,1.49
379,Tablet,Eletrônicos,3,294.16,2025-02-16,882.48,Norte,Erin Anderson,14.59
380,Fone de Ouvido,Eletrônicos,1,1432.06,2025-02-08,1432.06,Leste,Paula Wells,13.14
381,Cerveja,Alimentos,8,90.03,2025-02-06,720.24,Norte,Felicia Mejia,6.38
382,Líquido Refrigerante,Alimentos,9,933.2,2025-01-06,8398.8,Oeste,Ashley Patel,4.95
383,Tênis,Roupas,1,256.5,2025-01-31,256.5,Leste,Jason Powell,6.37
384,Smartphone,Eletrônicos,7,534.74,2025-02-12,3743.18,Oeste,Justin Parker,1.26
385,Cadeira de Escritório,Móveis,10,260.71,2025-01-13,2607.1,Oeste,Nicole Gonzalez,1.61
386,Cerveja,Alimentos,5,857.74,2025-01-25,4288.7,Oeste,Dr. Ashley Fisher MD,3.73
387,Tablet,Eletrônicos,3,1318.53,2025-01-17,3955.59,Sul,Wendy Simmons,12.6
388,Cerveja,Alimentos,3,1345.24,2025-02-13,4035.72,Leste,William Pollard,9.67
389,Cadeira de Escritório,Móveis,2,833.14,2025-01-20,1666.28,Sul,Kristi Goodwin,11.84
390,Cerveja,Alimentos,1,466.71,2025-02-07,466.71,Leste,Stacey Gonzalez,7.95
391,Notebook,Eletrônicos,3,1087.55,2025-01-13,3262.65,Sul,Crystal Harding,10.35
392,Smartphone,Eletrônicos,1,801.33,2025-01-22,801.33,Norte,Bobby Walker,6.17
393,Camiseta,Roupas,1,784.95,2025-02-11,784.95,Leste,Thomas Carr,2.26
394,Líquido Refrigerante,Alimentos,6,81.04,2025-02-10,486.24,Leste,James Thompson,5.71
395,Tablet,Eletrônicos,5,1341.5,2025-01-04,6707.5,Norte,Brian Johnston,1.58
396,Fone de Ouvido,Eletrônicos,4,454.52,2025-01-31,1818.08,Sul,Jessica Hunter,6.02
397,Smartphone,Eletrônicos,7,799.28,2025-01-08,5594.96,Leste,Veronica Ramos,6.41
398,Smartphone,Eletrônicos,3,420.32,2025-01-13,1260.96,Norte,Dustin Bartlett,13.61
399,Cadeira de Escritório,Móveis,1,409.1,2025-01-06,409.1,Oeste,Jose Fernandez,4.37
400,Tênis,Roupas,8,266.51,2025-01-20,2132.08,Sul,Kristen Ferguson,1.24
401,Camiseta,Roupas,1,329.17,2025-01-02,329.17,Norte,Stephen Malone,7.08
402,Smartphone,Eletrônicos,7,593.85,2025-01-23,4156.95,Sul,Mary Blackburn,2.01
403,Líquido Refrigerante,Alimentos,1,890.54,2025-01-14,890.54,Norte,Darrell Ward,2.56
404,Cadeira de Escritório,Móveis,9,1040.54,2025-02-06,9364.86,Oeste,Emily Rodriguez,12.15
405,Smartphone,Eletrônicos,1,489.11,2025-01-15,489.11,Norte,Nicole Lawrence,6.43
406,Notebook,Eletrônicos,10,1261.09,2025-02-01,12610.9,Leste,Christopher Barnett,3.76
407,Smartphone,Eletrônicos,9,1001.02,2025-02-11,9009.18,Sul,Timothy Price,11.42
408,Camiseta,Roupas,5,574.53,2025-02-18,2872.65,Oeste,Phillip Yates,6.71
409,Mouse,Eletrônicos,9,526.45,2025-02-02,4738.05,Oeste,Ashley Green,11.9
410,Líquido Refrigerante,Alimentos,10,509.03,2025-01-20,5090.3,Oeste,Brian Maldonado,3.8
411,Líquido Refrigerante,Alimentos,4,937.33,2025-01-09,3749.32,Leste,Elizabeth Chapman,0.69
412,Tablet,Eletrônicos,1,343.25,2025-01-23,343.25,Sul,Tom Thomas,13.02
413,Fone de Ouvido,Eletrônicos,3,592.63,2025-01-15,1777.89,Norte,Gary Long,12.78
414,Cerveja,Alimentos,8,660.74,2025-01-24,5285.92,Norte,Danielle Alvarez,11.23
415,Líquido Refrigerante,Alimentos,9,1041.2,2025-01-04,9370.8,Leste,Caleb Lewis,6.41
416,Cerveja,Alimentos,8,1158.02,2025-01-20,9264.16,Oeste,Erin Edwards,3.08
417,Tablet,Eletrônicos,2,681.38,2025-01-31,1362.76,Sul,Alexis Robinson,0.16
418,Camiseta,Roupas,3,1022.69,2025-01-22,3068.07,Leste,Dominique Robinson,1.74
419,Tênis,Roupas,2,1096.6,2025-02-27,2193.2,Oeste,Oscar Wiggins,2.62
420,Líquido Refrigerante,Alimentos,4,424.74,2025-02-13,1698.96,Norte,Stephen Burton,3.63
421,Camiseta,Roupas,8,230.0,2025-01-17,1840.0,Sul,Kyle Miller,0.74
422,Cadeira de Escritório,Móveis,6,709.87,2025-01-01,4259.22,Oeste,James Reyes,4.63
423,Notebook,Eletrônicos,5,980.63,2025-01-24,4903.15,Leste,Teresa Stevens,7.21
424,Camiseta,Roupas,8,1372.48,2025-02-22,10979.84,Norte,Jonathan Mathews,11.54
425,Mouse,Eletrônicos,10,905.82,2025-02-27,9058.2,Oeste,Christopher White,8.19
426,Camiseta,Roupas,8,656.2,2025-01-31,5249.6,Norte,Andrew Reyes,14.13
427,Mouse,Eletrônicos,8,1231.06,2025-01-06,9848.48,Oeste,Jeffery Castro,4.03
428,Tênis,Roupas,4,1322.11,2025-02-03,5288.44,Leste,David Turner,3.79
429,Cerveja,Alimentos,7,858.54,2025-02-08,6009.78,Oeste,Melissa Mitchell,0.29
430,Líquido Refrigerante,Alimentos,2,856.79,2025-02-08,1713.58,Leste,Kenneth Brooks,14.75
431,Cadeira de Escritório,Móveis,5,408.37,2025-01-14,2041.85,Oeste,Anne Douglas MD,10.47
432,Cadeira de Escritório,Móveis,7,1382.89,2025-01-27,9680.23,Sul,Jennifer Coleman,6.56
433,Tênis,Roupas,7,1379.32,2025-01-08,9655.24,Sul,Jamie Rojas,10.95
434,Tablet,Eletrônicos,1,830.15,2025-01-19,830.15,Sul,Karen Sanchez,3.77
435,Líquido Refrigerante,Alimentos,5,1298.5,2025-01-09,6492.5,Oeste,Lindsey Haas,11.89
436,Cadeira de Escritório,Móveis,8,884.51,2025-02-11,7076.08,Sul,Zachary Deleon,2.49
437,Smartphone,Eletrônicos,10,636.66,2025-01-04,6366.6,Sul,Brenda Jones,11.62
438,Cerveja,Alimentos,4,455.3,2025-01-13,1821.2,Oeste,Douglas Ponce,6.89
439,Fone de Ouvido,Eletrônicos,3,1375.15,2025-02-17,4125.45,Leste,Colleen Ford,14.04
440,Mouse,Eletrônicos,7,461.0,2025-02-23,3227.0,Leste,James Gallagher,9.38
441,Cadeira de Escritório,Móveis,10,338.79,2025-02-03,3387.9,Oeste,Kaitlin Goodwin,3.31
442,Smartphone,Eletrônicos,8,710.65,2025-01-08,5685.2,Leste,Michele Hernandez,13.42
443,Mouse,Eletrônicos,7,305.47,2025-02-06,2138.29,Sul,Andrea Hernandez,5.41
444,Tablet,Eletrônicos,4,117.38,2025-02-23,469.52,Oeste,Victor Reynolds,10.14
445,Tênis,Roupas,1,721.83,2025-01-16,721.83,Sul,Jason Cameron,4.25
446,Smartphone,Eletrônicos,9,1254.31,2025-01-01,11288.79,Leste,Margaret King,8.06
447,Tênis,Roupas,6,1067.04,2025-02-26,6402.24,Oeste,Gregory Jones,9.71
448,Líquido Refrigerante,Alimentos,3,1002.17,2025-01-26,3006.51,Oeste,Shawn Newton,5.88
449,Smartphone,Eletrônicos,10,58.55,2025-01-21,585.5,Oeste,Kevin Mcmillan,14.06
450,Fone de Ouvido,Eletrônicos,2,108.2,2025-01-19,216.4,Sul,Tina Ortega,11.83
451,Mouse,Eletrônicos,10,455.15,2025-01-28,4551.5,Norte,Ms. Alice Lewis,8.22
452,Tablet,Eletrônicos,3,373.74,2025-02-09,1121.22,Sul,Sarah Garcia,14.79
453,Tênis,Roupas,10,1428.06,2025-02-25,14280.6,Norte,Charlotte Ruiz,11.44
454,Notebook,Eletrônicos,6,1314.96,2025-02-19,7889.76,Leste,John White,10.07
455,Mouse,Eletrônicos,10,384.65,2025-01-07,3846.5,Leste,Anthony Wood,12.79
456,Cadeira de Escritório,Móveis,8,775.27,2025-02-20,6202.16,Norte,Stephanie Lucas,12.58
457,Camiseta,Roupas,9,531.65,2025-01-25,4784.85,Sul,Kathy Hendrix,5.74
458,Fone de Ouvido,Eletrônicos,8,1222.56,2025-02-18,9780.48,Norte,Thomas Merritt,1.05
459,Camiseta,Roupas,8,271.34,2025-01-01,2170.72,Sul,Jason Perez,14.49
460,Fone de Ouvido,Eletrônicos,8,793.34,2025-01-22,6346.72,Oeste,Michael Hoffman,4.09
461,Tênis,Roupas,6,739.21,2025-01-21,4435.26,Leste,Veronica Russo,8.55
462,Cerveja,Alimentos,6,1318.44,2025-02-16,7910.64,Leste,Craig Carlson,0.99
463,Fone de Ouvido,Eletrônicos,10,1463.59,2025-01-28,14635.9,Norte,Paul Hutchinson,4.38
464,Smartphone,Eletrônicos,5,349.57,2025-02-17,1747.85,Leste,Kathleen Fox,11.05
465,Mouse,Eletrônicos,5,1054.98,2025-01-02,5274.9,Sul,Frederick Wang,13.84
466,Tênis,Roupas,3,487.3,2025-01-03,1461.9,Sul,Stephanie Coleman,7.81
467,Cadeira de Escritório,Móveis,6,370.15,2025-02-20,2220.9,Leste,Chad Finley,10.86
468,Tênis,Roupas,8,644.48,2025-01-10,5155.84,Oeste,Laurie Green,10.5
469,Líquido Refrigerante,Alimentos,1,451.98,2025-01-27,451.98,Leste,Rachel Vaughn,5.62
470,Líquido Refrigerante,Alimentos,10,185.63,2025-02-17,1856.3,Leste,Christine Wood,4.6
471,Tablet,Eletrônicos,3,743.48,2025-02-26,2230.44,Sul,Donald Johnson,9.29
472,Tênis,Roupas,4,328.74,2025-01-07,1314.96,Norte,Barbara Moss,9.15
473,Mouse,Eletrônicos,8,705.99,2025-01-19,5647.92,Leste,Lauren Miller,10.27
474,Tablet,Eletrônicos,4,714.12,2025-01-20,2856.48,Sul,Mark Johnson,1.86
475,Tênis,Roupas,5,694.18,2025-01-19,3470.9,Leste,Michael Campbell,13.37
476,Líquido Refrigerante,Alimentos,5,183.9,2025-01-22,919.5,Leste,Stephen Gonzales,9.84
477,Tênis,Roupas,1,214.99,2025-01-30,214.99,Oeste,Matthew Johnson,0.82
478,Mouse,Eletrônicos,4,1206.44,2025-02-17,4825.76,Leste,Rhonda Crawford,3.67
479,Camiseta,Roupas,6,1026.44,2025-01-13,6158.64,Sul,Jeffrey Walters,7.84
480,Smartphone,Eletrônicos,1,1156.73,2025-02-27,1156.73,Oeste,Micheal Vargas,5.79
481,Notebook,Eletrônicos,6,1269.1,2025-01-10,7614.6,Sul,Emily Castillo,8.44
482,Camiseta,Roupas,10,201.34,2025-02-23,2013.4,Leste,Brian Rhodes,1.56
483,Notebook,Eletrônicos,10,100.07,2025-01-09,1000.7,Sul,David Gordon,9.11
484,Cerveja,Alimentos,2,277.39,2025-02-22,554.78,Norte,Joseph Smith,14.36
485,Notebook,Eletrônicos,10,637.51,2025-01-20,6375.1,Norte,Terri Hull,4.35
486,Camiseta,Roupas,7,874.5,2025-01-12,6121.5,Norte,Alan Fisher,9.94
487,Tablet,Eletrônicos,10,1084.69,2025-02-05,10846.9,Leste,Brian Parrish,14.58
488,Camiseta,Roupas,1,1029.22,2025-01-14,1029.22,Norte,Tiffany Stevenson,4.01
489,Mouse,Eletrônicos,2,1468.31,2025-01-15,2936.62,Leste,Charlotte Kelly,2.28
490,Notebook,Eletrônicos,6,1395.53,2025-01-22,8373.18,Leste,John Jones,12.75
491,Mouse,Eletrônicos,7,1004.97,2025-02-25,7034.79,Leste,Andre Webb,0.97
492,Líquido Refrigerante,Alimentos,7,868.28,2025-01-17,6077.96,Oeste,Erica Kennedy,7.49
493,Notebook,Eletrônicos,2,70.52,2025-01-24,141.04,Norte,Victor Roberts,9.52
494,Smartphone,Eletrônicos,10,676.45,2025-01-03,6764.5,Norte,Keith Harris,4.38
495,Fone de Ouvido,Eletrônicos,3,1128.45,2025-02-28,3385.35,Sul,Chelsea Rhodes,7.25
496,Fone de Ouvido,Eletrônicos,5,1124.9,2025-01-06,5624.5,Leste,Virginia Martin,4.0
497,Tablet,Eletrônicos,6,361.75,2025-01-12,2170.5,Norte,Kristin Ballard,1.76
498,Smartphone,Eletrônicos,8,863.4,2025-01-14,6907.2,Oeste,Keith Wilson,13.0
499,Tablet,Eletrônicos,8,1317.42,2025-01-04,10539.36,Oeste,Michael Vaughn,1.82
500,Líquido Refrigerante,Alimentos,1,273.4,2025-02-28,273.4,Oeste,Jeff Cox,1.15
501,Smartphone,Eletrônicos,3,975.99,2025-02-20,2927.97,Norte,Annette Peterson,7.55
502,Mouse,Eletrônicos,1,985.15,2025-01-08,985.15,Leste,Dana Hanson,9.17
503,Cadeira de Escritório,Móveis,7,1448.99,2025-02-24,10142.93,Oeste,Aaron Robinson,8.56
504,Tablet,Eletrônicos,1,1424.57,2025-02-18,1424.57,Oeste,Ashley Gordon,9.93
505,Notebook,Eletrônicos,5,146.69,2025-01-15,733.45,Oeste,Michelle Johnson,13.47
506,Mouse,Eletrônicos,4,490.32,2025-01-25,1961.28,Leste,Megan Sheppard,8.8
507,Tênis,Roupas,9,673.03,2025-01-25,6057.27,Norte,Brittany Johnson,1.63
508,Tablet,Eletrônicos,6,1439.9,2025-01-13,8639.4,Oeste,Jordan Sanchez,2.39
509,Cerveja,Alimentos,2,502.74,2025-02-03,1005.48,Sul,Robin Acosta,11.64
510,Cadeira de Escritório,Móveis,1,1160.23,2025-01-21,1160.23,Norte,Laura Santiago,13.03
511,Fone de Ouvido,Eletrônicos,9,760.97,2025-02-05,6848.73,Norte,Julia Garza,13.61
512,Smartphone,Eletrônicos,1,1109.07,2025-01-30,1109.07,Leste,Monica Sellers,7.6
513,Cerveja,Alimentos,1,1426.43,2025-01-19,1426.43,Norte,Kristen Monroe MD,2.09
514,Camiseta,Roupas,3,1290.05,2025-01-06,3870.15,Norte,Doris Prince,14.21
515,Tablet,Eletrônicos,10,1338.91,2025-01-14,13389.1,Oeste,William Moore,2.98
516,Tênis,Roupas,2,290.9,2025-01-25,581.8,Sul,Reginald Ibarra,9.64
517,Cerveja,Alimentos,1,306.52,2025-01-06,306.52,Oeste,Kenneth Taylor,11.73
518,Cerveja,Alimentos,4,139.71,2025-02-24,558.84,Sul,Mark Patrick,2.3
519,Tênis,Roupas,7,577.59,2025-01-02,4043.13,Oeste,Andrea Dunn,13.22
520,Tênis,Roupas,6,329.43,2025-01-01,1976.58,Leste,Kayla Schultz,3.8
521,Fone de Ouvido,Eletrônicos,7,377.83,2025-01-02,2644.81,Oeste,Margaret King,14.19
522,Cadeira de Escritório,Móveis,2,1241.73,2025-01-08,2483.46,Sul,Raymond Oliver,7.86
523,Tablet,Eletrônicos,3,189.21,2025-01-30,567.63,Oeste,David Black,12.07
524,Tablet,Eletrônicos,2,228.43,2025-01-03,456.86,Oeste,Ashley Love,5.88
525,Camiseta,Roupas,9,1406.39,2025-02-16,12657.51,Sul,Paul Peters,2.22
526,Mouse,Eletrônicos,8,1290.12,2025-01-04,10320.96,Sul,Paul Yates,12.12
527,Tênis,Roupas,6,523.27,2025-02-15,3139.62,Oeste,Connie Jones,4.79
528,Smartphone,Eletrônicos,8,107.82,2025-01-02,862.56,Sul,Anthony Ortiz,6.57
529,Smartphone,Eletrônicos,10,924.07,2025-01-07,9240.7,Oeste,Michael Rivas,9.53
530,Tablet,Eletrônicos,10,446.94,2025-01-01,4469.4,Sul,Brandon Garcia,12.78
531,Líquido Refrigerante,Alimentos,1,805.69,2025-01-02,805.69,Norte,Jack Scott,14.84
532,Tablet,Eletrônicos,3,1447.04,2025-01-29,4341.12,Leste,Jeremy Reeves,3.56
533,Fone de Ouvido,Eletrônicos,5,988.51,2025-02-20,4942.55,Sul,Brett Mercer,6.48
534,Smartphone,Eletrônicos,9,604.77,2025-01-14,5442.93,Norte,Gabrielle Johnson,9.14
535,Tênis,Roupas,10,567.28,2025-02-24,5672.8,Leste,Jonathan Rhodes,2.35
536,Tablet,Eletrônicos,2,828.38,2025-02-05,1656.76,Leste,Melissa Gonzalez,7.36
537,Tablet,Eletrônicos,5,121.82,2025-02-04,609.1,Leste,Ariana Taylor,8.11
538,Tênis,Roupas,8,209.87,2025-02-10,1678.96,Leste,Nathaniel Garcia,3.16
539,Líquido Refrigerante,Alimentos,5,458.34,2025-01-16,2291.7,Sul,Taylor Pope,10.7
540,Tablet,Eletrônicos,5,1016.17,2025-01-08,5080.85,Sul,Maria Ruiz,9.53
541,Notebook,Eletrônicos,7,607.89,2025-01-12,4255.23,Norte,Paul Gomez,10.24
542,Mouse,Eletrônicos,8,94.62,2025-02-09,756.96,Sul,Gerald Young,6.53
543,Cerveja,Alimentos,1,1087.19,2025-01-26,1087.19,Norte,Jacqueline Johnson,5.82
544,Fone de Ouvido,Eletrônicos,1,1186.04,2025-01-21,1186.04,Leste,Thomas Garcia,3.88
545,Tênis,Roupas,9,658.42,2025-01-06,5925.78,Norte,John Bell,6.28
546,Smartphone,Eletrônicos,4,551.38,2025-02-28,2205.52,Norte,Robert Perry,2.69
547,Mouse,Eletrônicos,5,886.32,2025-01-11,4431.6,Leste,Derek Moses,9.52
548,Cadeira de Escritório,Móveis,4,140.62,2025-01-18,562.48,Norte,Brittany Bowman,10.04
549,Notebook,Eletrônicos,2,1335.43,2025-01-15,2670.86,Sul,Margaret Durham,9.91
550,Fone de Ouvido,Eletrônicos,2,1068.65,2025-01-18,2137.3,Sul,Mark Wilson,9.9
